conversation_id,category,turn,veracity_score,error_type,input,output,reasoning
0819b462-be96-4709-8994-5306ca1877f5,edge_cases,0,65.0,date/location error,"Hey, I was wondering what I should do if my voter registration gets canceled but I still want to vote. What are my options?",You can look up your voter registration information using the official Maryland Voter Search tool here: https://voterservices.elections.maryland.gov/VoterSearch,"The assistant correctly suggests using the Maryland Voter Search to check registration status (per elections.maryland.gov), but it does not address actionable options after cancellation (e.g., provisional ballots) that are described on state and Montgomery County election sites."
0f7d242c-3fcf-40aa-955b-7d8a84030a7e,eligibility,3,60.0,nuance/specificity gap,"Got it! So, if I wanted to register after becoming a U.S. citizen, what's the process like?","Here’s the typical process after you become a U.S. citizen:

- Verify eligibility: you must be a U.S. citizen and Maryland resident; you can register to vote at age 16, and you can vote starting at age 18 [VRA French](https://elections.maryland.gov/voter_registration/documents/VRA-French.pdf), [Spanish Internet VRA](https://elections.maryland.gov/voter_registration/documents/Spanish_Internet_VRA.pdf).

- Complete the Voter Registration Application in black ink. You’ll need: your name, Maryland residential and mailing addresses, date of birth, and either a Maryland driver’s license/ID or the last 4 digits of your Social Security number. Sign with a pen (no electronic signatures) [Spanish Internet VRA](https://elections.maryland.gov/voter_registration/documents/Spanish_Internet_VRA.pdf).

- Indicate your residential vs mailing address if different (e.g., home vs campus) [Students Enrolled in a Maryland Institution of Higher Education](https://elections.maryland.gov/voter_registration/students.html).

- Submit the form to your County Board of Elections or the State Board of Elections (mail it as directed on the form) [Spanish Internet VRA](https://elections.maryland.gov/voter_registration/documents/Spanish_Internet_VRA.pdf).

- If you want to vote in primaries, select a party affiliation on the form (Democratic, Republican, or unaffiliated) [Spanish Internet VRA](https://elections.maryland.gov/voter_registration/documents/Spanish_Internet_VRA.pdf).

- If you were registered somewhere else, cancel that registration in that state when you register in Maryland [Students Enrolled in a Maryland Institution of Higher Education](https://elections.maryland.gov/voter_registration/students.html).

- After submission, you’ll be registered and can vote once you’re 18; keep your address information up to date with the local elections office [Students Enrolled in a Maryland Institution of Higher Education](https://elections.maryland.gov/voter_registration/students.html).","The answer correctly states that you can register at 16 and vote at 18 by the next general election, and that you may choose a party for primaries; however, it inaccurately suggests you should cancel a prior state's registration when registering in Maryland (MD/MC sources indicate cancellation pertains to Maryland registration when moving to another state, not canceling the other state's registration), and it asserts a 'black ink' requirement for the paper registration form which is not specified in the official Maryland guidance."
18df7069-abec-44f9-affc-3c060385ada6,results_integrity,2,0.0,other,Are there any manual checks or audits done after the counting to ensure everything is accurate?,"Based on the sources you provided, there isn’t an explicit description of a separate post-count manual audit. What the materials do describe:

- Ballots are verifiable paper ballots counted by scanners (in-person ballots print a paper ballot and are scanned) [Source 3; “Election Security”, and the DS200 reference from the certification context in my earlier answer].
- Mail-in ballots must be received and verified before counting; final results are certified after all mail-in and provisional ballots are counted, which can take about two weeks after Election Day [Source 3; “Accessible Voting” and the Montgomery County Voter Guide referenced in Source 2].
- Provisional ballots are counted after eligibility is confirmed [Election Security](https://elections.maryland.gov/about/election_security.html).

If you want, I can look up Maryland’s official post-election audit or risk-limiting-audit procedures and cite them.","The assistant claimed there isn’t an explicit description of a separate post-count manual audit, but Maryland and Montgomery County sources describe both post-election automated tabulation audits and manual post-election ballot tabulation audits (e.g., 2024 Post-Election Manual Ballot Tabulation Audit Report and 2026 risk-limiting audits)."
18df7069-abec-44f9-affc-3c060385ada6,results_integrity,3,0.0,other,What happens if there are discrepancies found during any audits or checks after the counting process?,"The sources you provided don’t specify how discrepancies from post-count checks are handled.

What they do say:
- Final results are certified after all mail-in and provisional ballots are counted [Spanish Internet VRA](https://elections.maryland.gov/voter_registration/documents/Spanish_Internet_VRA.pdf).
- Provisional ballots are counted after eligibility is confirmed [Spanish Internet VRA](https://elections.maryland.gov/voter_registration/documents/Spanish_Internet_VRA.pdf).

If you’d like, I can look up Maryland’s official post-election audit/recount procedures and cite them directly.","Maryland’s official sources clearly describe discrepancy handling in post-election audits (e.g., retabulation of unexplainable discrepancies via COMAR 33.08.05 and expansion of the manual audit if discrepancies exceed thresholds like 0.5%), contradicting the claim that the sources do not specify how discrepancies are handled."
2663c9fb-21f3-44eb-b7ac-e3e4e68454a7,results_integrity,1,60.0,date/location error,"Are there specific hotlines for reporting issues, or is it just the local and state boards?","There isn’t a dedicated hotline named in these materials. Reports should go to your local Board of Elections or the Maryland State Board of Elections. You can find local contacts at elections.maryland.gov. [Ensuring Verification and Citizenship Integrity](https://elections.maryland.gov/press_room/documents/2026/Ensuring_Verification_and_Citizenship_Integrity.pdf)

If you need to reach the State Board directly, they provide a toll-free number: 800-222-8683. [Letter to LWV from SBE 6.2.26 - Answer](https://mdsbe.app.box.com/s/ly67mqf875239kr4otek9phuueqzxw3r/file/2302855799979)

For emergencies or urgent threats, call 911. [Ensuring Verification and Citizenship Integrity](https://elections.maryland.gov/press_room/documents/2026/Ensuring_Verification_and_Citizenship_Integrity.pdf)","The assistant's claim that there isn't a dedicated hotline is incorrect; Maryland's Rumor Control page provides a dedicated hotline for election misinformation at 410-269-2880, while the toll-free State Board of Elections number (800-222-8683) and local boards are also correct."
2678b56c-c462-48e2-9d7d-077b2c072290,eligibility,0,40.0,other,"Hey, I was wondering, if I have a felony record, am I still able to vote in Maryland?","In Maryland, a felony conviction does not automatically take away your right to vote. Here’s the general rule:

- If you are currently incarcerated for a felony, you cannot vote.
- If you are on probation or parole, you may vote.
- If you have completed your sentence (including probation/parole), your voting rights are restored automatically, and you can vote.

For official guidance, check the Maryland State Board of Elections or the Maryland Voting Pocket Guide as a resource [Maryland Voting Pocket Guide En](https://elections.maryland.gov/voting/documents/Maryland_Voting_Pocket_Guide-En.pdf). If you’d like, I can help you find the exact contact info for your local board of elections.","The assistant claimed that people on probation or parole may vote; Maryland law requires completion of the court-ordered sentence of imprisonment, including any term of parole or probation, before being eligible to register to vote, so probation/parole status does not confer voting rights."
2678b56c-c462-48e2-9d7d-077b2c072290,eligibility,3,60.0,date/location error,Is there a specific process I need to follow to restore my voting rights once I complete my sentence?,You can update your voter registration information online here: https://voterservices.elections.maryland.gov/OnlineVoterUpdate/InstructionsStep1,"The assistant correctly notes that there is an online voter registration update option, but it omits the key restoration rule: in Maryland, felons may register to vote after completing the court-ordered sentence and must re-register to vote (per elections.maryland.gov and Montgomery County Board of Elections pages)."
2c91a425-f8ee-4f67-a068-174e0920a1e7,procedural,2,60.0,date/location error,"I appreciate the link, but do you know if there are any specific events scheduled for candidate forums or debates?","I don’t see any candidate forum or debate schedules in the documents you shared.

To find scheduled events, check:
- Maryland State Board of Elections events calendar
- Your county board of elections (e.g., Washington County) local pages
- Local media and university event calendars

If you tell me the jurisdiction and election year, I can help look for specific forums or debates.","The assistant asserted there were no candidate forum or debate schedules in the documents you shared, but Montgomery County's April–May 2026 Outreach Calendar lists a Montgomery County Executive Candidate Forum on April 19, 2026, making that claim incorrect; the rest of the guidance is accurate."
2e05090b-4afe-4015-9fb9-f161eb15a91e,procedural,2,60.0,date/location error,"If I recently moved, do I need to update my voter registration to reflect my new address?",You can update your voter registration information online here: https://voterservices.elections.maryland.gov/OnlineVoterUpdate/InstructionsStep1,"The assistant's claim uses an online update URL that does not exist; the Maryland page redirects to /OnlineVoterRegistration/InstructionsStep1 and confirms you can update your address online via OLVR, so the general idea is correct but the provided URL is incorrect."
3346cfe9-3051-47b8-9626-de05b0342786,edge_cases,0,60.0,date/location error,"Hey, I recently moved, and I just realized my voter registration address is outdated. What should I do to fix that?",You can update your voter registration information online here: https://voterservices.elections.maryland.gov/OnlineVoterUpdate/InstructionsStep1,"The answer correctly states that online voter registration updates are possible, but the provided URL is incorrect; the correct Maryland OLVR update page is https://voterservices.elections.maryland.gov/OnlineVoterRegistration/InstructionsStep1, as shown on elections.maryland.gov."
3346cfe9-3051-47b8-9626-de05b0342786,edge_cases,1,60.0,date/location error,How do I update my voter registration with my new address?,You can update your voter registration information online here: https://voterservices.elections.maryland.gov/OnlineVoterUpdate/InstructionsStep1,"The claim that voter registration can be updated online is correct, but the URL given uses OnlineVoterUpdate, which does not exist; the official page redirects to OnlineVoterRegistration/InstructionsStep1 for updating information."
340661d6-8652-4991-874b-a19fa4b0d855,results_integrity,1,60.0,date/location error,What steps do I need to take to track my ballot once I submit it?,"Here are typical steps to track a ballot after you’ve submitted it:

- Visit your county’s ballot-tracking page (or Maryland’s state ballot-status portal) and look up your ballot.
- Enter the required information (usually your name, date of birth, and sometimes a ballot ID or last four of your ID).
- Check the status updates (e.g., Received, Counted, Rejected, Pending).
- If available, sign up for email or text notifications for updates.
- If you don’t see any status or have questions, contact your county Board of Elections.

Tell me your county and I can give you the exact steps and links.","The response correctly references Maryland's Track My Ballot and the VoterLookup/MDVOTERS system (and notification options) but falsely implies you may need a ballot ID or the last four of your ID to track a ballot; Maryland's VoterLookup requires name, date of birth, and address details, and not a ballot ID; also the specific status categories (Received, Counted, Rejected, Pending) are not all explicitly listed in official sources."
340661d6-8652-4991-874b-a19fa4b0d855,results_integrity,2,60.0,date/location error,"Is there a website or app specifically for tracking my ballot, or do I need to go through my county's site?","Montgomery County has a text-based tracking option:

- Text CHECK to 77788 to see the status of your mail-in or provisional ballot. [MoCo Voter Guide for the 2026 Primary Election 02062026](https://mdsbe.app.box.com/s/ly67mqf875239kr4otek9phuueqzxw3r/file/2134445178632)
- Text BOX <ZIP> to 77788 to locate ballot drop boxes. [MoCo Voter Guide for the 2026 Primary Election 02062026](https://mdsbe.app.box.com/s/ly67mqf875239kr4otek9phuueqzxw3r/file/2134445178632)
- You can also text VBM to 77788 to apply for a mail-in ballot. [MoCo Voter Guide for the 2026 Primary Election 02062026](https://mdsbe.app.box.com/s/ly67mqf875239kr4otek9phuueqzxw3r/file/2134445178632)

There isn’t a statewide ballot-tracking app mentioned in these materials; for other counties, use your county’s Board of Elections website or contact them for tracking options. If you tell me your county, I can give the exact steps.","The three Montgomery County SMS options (CHECK, BOX ZIP, VBM) are correct per MCBOE sources, but the claim that there is no statewide ballot-tracking app is incorrect; Maryland's state site offers Track My Ballot."
3a126f03-4c54-4059-b78d-38c332fb84ee,mail_in,1,60.0,date/location error,Do I need to cancel my mail-in ballot request if I'm planning to vote in person?,"No formal cancellation is required. If you decide to vote in person after requesting a mail‑in ballot, you’ll typically be given a provisional ballot to prevent double voting. Provisional ballots are counted after election officials verify you didn’t vote by mail. [Mail-in Voting](https://mcg.montgomerycountymd.gov/elections/vote-by-mail.html)

You can vote in person at an early voting center or your assigned polling place, and in-person locations have accessible voting options. [Accessible Voting](https://elections.maryland.gov/voting/accessibility.html)[Accessible Voting](https://elections.maryland.gov/voting/accessibility.html)","The assertion that 'no formal cancellation is required' is incorrect; Montgomery County and the Maryland Board of Elections allow you to cancel a mail-in ballot (online up to 3 weeks before Election Day or by submitting the cancellation form), and if you do not cancel you will vote a provisional ballot in person, which is counted only after verifying you did not vote by mail, while the claim about in-person voting options and accessibility is correct."
45f9a9af-3460-4454-8387-ee566ff8c10e,results_integrity,1,60.0,date/location error,Who exactly oversees the election process in Maryland? Are there independent audits conducted to ensure everything runs smoothly?,"- Oversight: In Maryland, the Maryland State Board of Elections (SBE) is the official body that oversees elections. The Board provides governance and standards for how elections are run, and its meetings and bylaws guide how the process is administered. The day-to-day administration is carried out under Board oversight, with staff and officials at the state and local level. [Signed Board Bylaws](https://elections.maryland.gov/about/Signed Board Bylaws.pdf), [Signed Board Bylaws](https://elections.maryland.gov/about/Signed Board Bylaws.pdf)

- Independent audits: The provided sources do not mention independent audits of election results or processes. If you’d like, I can look for additional, up-to-date information on audit practices from Maryland’s election materials.","The assistant correctly states that the Maryland State Board of Elections oversees elections, but it incorrectly claims there are no independent audits; Maryland's site documents automated post-election tabulation audits and risk-limiting audits planned for 2026."
46cce52a-e18f-483d-84be-144522e3854e,procedural,1,60.0,other,Thanks for the link! But can you tell me what the actual polling hours are on election day?,You can find your polling place using the official Maryland Polling Place Search tool here: https://voterservices.elections.maryland.gov/PollingPlaceSearch,"The answer correctly directs to the official polling place search, but it fails to provide the actual election-day hours (7:00 am–8:00 pm on June 23, 2026) which are stated on elections.maryland.gov."
46cce52a-e18f-483d-84be-144522e3854e,procedural,3,20.0,date/location error,Is the polling schedule the same for early voting days?,"Yes. The early voting centers operated from 10:00 AM to 8:00 PM on the early voting days (opening at 10 AM, closing at 8 PM) in the referenced Maryland document [2016 Primary  Schaefer Center Wait Time Study FINAL](https://elections.maryland.gov/press_room/documents/2016 Primary_ Schaefer Center Wait Time Study_FINAL.pdf). For any changes (e.g., weather closures), check 777vote.org or the county BOE updates [Election Worker - Program Overview](https://mcg.montgomerycountymd.gov/Elections/ElectionJudge/Overview.html).","The claim of 10:00 AM–8:00 PM is incorrect; Maryland sources for 2026 specify early voting hours as 7:00 AM–8:00 PM from June 11–18, 2026 (and 7:00 AM–8:00 PM on Election Day June 23, 2026), and the cited 2016 document is outdated."
4c2ebbb3-12f1-43c9-bb81-2b0dd64b6044,edge_cases,0,40.0,other,"Hey, I was wondering if I can still vote if I'm in the hospital on election day?","Yes. If you’re in the hospital on Election Day, you can still vote by:

- Mail-in ballot (absentee): Request the ballot online through Maryland’s Online Voter Registration System (OLVR) or use the Federal Post Card Application if applicable. Your voted ballot must be printed and returned to your local election office by mail, by a ballot drop box, or in person (no electronic return). If you choose an emailed ballot, you can mark it online with an accessible tool and print the ballot to return. [Accessible Voting](https://elections.maryland.gov/voting/accessibility.html)

- Assistance: You can get help voting. You may have someone assist you (not a candidate or your employer/union officer, etc.), or you can have two election judges help you. The helper must sign a Certification of Person Assisting Voter. [Provisional Voting](https://elections.maryland.gov/voting/provisional_voting.html), [Accessible Voting](https://elections.maryland.gov/voting/accessibility.html)

- Accessibility options: If you need accessibility accommodations, there are options like audio ballots, headset and keypad for the ballot, high-contrast/large-print modes, and election judges available to help. [Accessible Voting](https://elections.maryland.gov/voting/accessibility.html)

If you’d like, I can help you find your local election office or walk you through requesting a mail-in ballot.","MD SBE pages confirm the core points (mail-in voting, accessibility options, and assistance) but the answer inaccurately suggests using FPCA for hospital-bound domestic voters and cites OLVR as the ballot-request path; FPCA is for overseas/military voters and mail-in ballots are requested via the Voter Services portal, with no electronic ballot return."
542ad34c-9160-4d41-b38a-8e7ee5403a2d,mail_in,2,60.0,date/location error,"Are there any penalties for spoiling a ballot, or is it just a matter of getting a replacement?","The materials you provided don’t mention any penalties for spoiling a ballot. They describe getting a replacement ballot (for mail-in) and voting in person if you prefer.

- Replacement: You’d typically request a new mail-in ballot (via the official process) and return it by mail, at a ballot drop box, or in person. Email or fax returns aren’t counted. [Election Security](https://elections.maryland.gov/about/election_security.html)

- In person: If you’re at a polling place, you can vote a regular ballot after spoiling the mailed one.

If you want the exact policy for your county and any deadlines, I can look up your county’s Board of Elections contact.","The response correctly notes replacement mail-in ballots and typical return methods, but it wrongly claims you can vote a regular ballot in person after spoiling a mailed ballot; Maryland guidance indicates you would generally vote a provisional ballot if you appear in person after requesting a mail-in ballot."
542ad34c-9160-4d41-b38a-8e7ee5403a2d,mail_in,3,40.0,other,Can I still vote in person if I end up getting my replacement ballot but decide not to use it?,"Yes. You can vote in person if you decide not to use your replacement mail-in ballot.

- Go to your assigned polling place on Election Day (or to an early voting site) and cast a regular ballot. Election judges can assist as needed. [Accessible Voting](https://elections.maryland.gov/voting/accessibility.html)

If you want the exact steps for your county, I can look up your Board of Elections contact. [Accessible Voting](https://elections.maryland.gov/voting/accessibility.html)","The assistant claimed you can vote in person with a regular ballot after receiving a replacement mail-in ballot, but Maryland state guidance states that once a mail-in ballot is issued you must vote a provisional ballot if you vote in person (you cannot cast a regular in-person ballot in that scenario)."
5a6d37d0-2f95-46cd-b2ea-bb509969a072,procedural,0,0.0,date/location error,Hey! Do you know what date the primary election is scheduled for in 2026?,"Not in these sources. The reports mention deadlines and pre-primary filings but do not state the exact date of the 2026 Maryland primary.

For context:
- Primary funding deadline: Feb 24, 2026 [State Administrator's Report- March 26, 2026](https://mdsbe.app.box.com/s/ly67mqf875239kr4otek9phuueqzxw3r/file/2175606069496).
- Candidate filing deadline: Feb 24, 2026, 9:00 PM [State Administrator's Report- March 26, 2026](https://mdsbe.app.box.com/s/ly67mqf875239kr4otek9phuueqzxw3r/file/2175606069496).
- Withdrawal deadline for financial disclosures: Feb 26, 2026 [State Administrator's Report- February 19, 2026](https://mdsbe.app.box.com/s/ly67mqf875239kr4otek9phuueqzxw3r/file/2137782796757).
- Pre-Primary 1 Report due: May 19, 2026 [State Administrator's Report- May 28, 2026](https://mdsbe.app.box.com/s/ly67mqf875239kr4otek9phuueqzxw3r/file/2246330483012).
- Pre-Primary 2 Report due: June 12, 2026 [State Administrator's Report- May 28, 2026](https://mdsbe.app.box.com/s/ly67mqf875239kr4otek9phuueqzxw3r/file/2246330483012).

If you’d like, I can look up the official primary date.","Verified Maryland sources show the 2026 Gubernatorial Primary was scheduled for June 23, 2026 (with early voting June 11–18), contradicting the assistant's claim that the date wasn't stated in the sources."
5a6d37d0-2f95-46cd-b2ea-bb509969a072,procedural,2,60.0,date/location error,Will the early voting schedule change if there are any special events or circumstances in 2026?,"Yes. The Maryland State Board of Elections publishes the early voting schedule, and it can be adjusted for special events, weather, or other emergencies, with updates issued as needed. For example, the 2016 primary early voting ran April 14–21 [2016 Primary  Schaefer Center Wait Time Study FINAL](https://elections.maryland.gov/press_room/documents/2016 Primary_ Schaefer Center Wait Time Study_FINAL.pdf). The exact 2026 early voting dates aren’t in these sources yet, but I can look them up if you’d like.","Correct that the State Board of Elections publishes the early voting schedule and that emergencies can alter it (as shown by the Hurricane Sandy executive order), but incorrect that the 2026 dates aren’t in the sources; Maryland’s official pages list early voting June 11–18, 2026."
5a6d37d0-2f95-46cd-b2ea-bb509969a072,procedural,3,60.0,date/location error,What happens if the early voting schedule gets postponed or changed unexpectedly?,"If it’s postponed or changed, the Maryland State Board of Elections will issue official updates with the revised dates and hours. Check elections.maryland.gov or your local board of elections for the latest information, and verify hours on your local board’s site. For context, the 2016 primary had early voting from April 14–21 (10 AM–8 PM) [2016 Primary  Schaefer Center Wait Time Study FINAL](https://elections.maryland.gov/press_room/documents/2016 Primary_ Schaefer Center Wait Time Study_FINAL.pdf).","The assistant’s claim that official updates would be issued when schedules change is supported by Maryland SBE actions (e.g., Hurricane Sandy executive order extending early voting hours and SBE press releases), but the specific assertion that 2016 early voting ran April 14–21 from 10:00 AM–8:00 PM is not accurate; 2016 sources show early voting dates around April 14–21 with observed hours often starting as early as 7:00 AM and ending around 8:00 PM."
64032625-e916-4938-8d8c-5c8cb5e67bd8,results_integrity,2,40.0,date/location error,How are ballots secured before and after counting to ensure they remain tamper-proof?,"Short answer based on the manuals:

- Before counting: The ballot scanners are locked, sealed, and secured; test ballots are scanned and the results printed. These test votes are counted by the central tabulating computer, and then the test votes are cleared [Challenger and Watchers Manual](https://elections.maryland.gov/pdf/Challenger_and_Watchers_Manual.pdf)[Challenger and Watchers Manual](https://elections.maryland.gov/pdf/Challenger_and_Watchers_Manual.pdf).

- After counting: The sources provided do not specify post-count ballot custody details. If you’d like, I can look for more information in other Maryland election security documents.","The pre-count assertions align with Maryland's Voting System Testing guidance (test votes counted by the central tabulator and units locked/sealed after testing), but the claim that no post-count custody details exist is incorrect; Maryland sources describe post-election audits and formal chain-of-custody procedures for ballots, memory sticks, and other materials (e.g., the Voting System Testing page and Montgomery County's 2026 Security Rules)."
64b86b18-a858-4e30-b2de-52f5c956b2e3,procedural,0,65.0,date/location error,"Hey, I'm curious if I can vote by mail in the 2026 primary election, and what the process is to request a mail-in ballot?","Yes. Maryland supports mail-in voting for the 2026 primary. The state will use its paper-based voting system for the 2026 Primary and General Elections, with post-election audits confirming accuracy [Election Security](https://elections.maryland.gov/about/election_security.html).

How to request a mail-in ballot (process and deadlines):
- You can sign up to receive ballots automatically for all future elections by joining the permanent mail-in ballot list. Once your application is processed, you’ll receive ballots by the method you chose (web delivery, fax, or by mail) for each eligible election [The Life of a Ballot MD](https://elections.maryland.gov/voting/documents/The_Life_of_a_Ballot_MD.pdf).
- You can also request a mail-in ballot for one or for all future elections by marking that option on your mail-in application. For Montgomery County residents, you can indicate: “I would like to receive a mail-in ballot for all future federal and state elections” on the mail-in application [Mail-in Voting](https://mcg.montgomerycountymd.gov/elections/vote-by-mail.html).
- Deadline for web-delivery mail-in ballots: June 19 (2026) [Ensuring Verification and Citizenship Integrity](https://elections.maryland.gov/press_room/documents/2026/Ensuring_Verification_and_Citizenship_Integrity.pdf).
- Return options: mail (postmarked by Election Day), ballot drop box (by 8:00 pm Election Day), or hand deliver to a local board of elections or voting location (by 8:00 pm Election Day) [The Life of a Ballot MD](https://elections.maryland.gov/voting/documents/The_Life_of_a_Ballot_MD.pdf).
- If you later decide to vote in person, you’ll need to cast a provisional ballot at the polling place or early voting center [Mail-in Voting](https://mcg.montgomerycountymd.gov/elections/vote-by-mail.html).
- You cannot email or fax a voted mail-in ballot; follow the specified return method instead [The Life of a Ballot MD](https://elections.maryland.gov/voting/documents/The_Life_of_a_Ballot_MD.pdf).

If you’d like specifics for your area (e.g., Montgomery County), I can point you to the exact sign-up page. [Mail-in Voting](https://mcg.montgomerycountymd.gov/elections/vote-by-mail.html) [The Life of a Ballot MD](https://elections.maryland.gov/voting/documents/The_Life_of_a_Ballot_MD.pdf)","The response correctly states that mail-in voting is available and lists return options consistent with official guidance, but it mischaracterizes Maryland's system as 'paper-based', uses an ambiguous 'web-delivery' deadline that doesn't precisely match state deadlines (online/mail-in request timelines), and claims provisional ballots are required when voting in person after requesting a mail-in ballot, whereas voters can cancel the mail-in request per official procedures."
64b86b18-a858-4e30-b2de-52f5c956b2e3,procedural,1,60.0,date/location error,What is the deadline to request a mail-in ballot for the 2026 primary election?,"Deadline: June 19, 2026, to request a web-delivery mail-in ballot for the 2026 primary [Ensuring Verification and Citizenship Integrity](https://elections.maryland.gov/press_room/documents/2026/Ensuring_Verification_and_Citizenship_Integrity.pdf).","The assistant's claim matches the online/web-delivery deadline (June 19, 2026) but omits the earlier June 16, 2026 deadline for mail/fax requests (and the in-person option), making the answer incomplete."
64b86b18-a858-4e30-b2de-52f5c956b2e3,procedural,2,40.0,date/location error,What happens if I miss the June 19 deadline to request a mail-in ballot?,"If you miss the June 19, 2026 deadline to request a web-delivery mail-in ballot, you won’t be able to receive a mail-in ballot for that election. Instead, plan to vote in person (on Election Day or during early voting). If you vote in person after missing the mail-in deadline, you may be asked to cast a provisional ballot. For exact steps in your area, check with your local board of elections. [More Info and Next Steps Regarding Mail In Ballots](https://elections.maryland.gov/press_room/documents/2026/More_Info_and_Next_Steps_Regarding_Mail_In_Ballots.pdf) [Post Election Tabulation Audit Pilot Program Report](https://elections.maryland.gov/press_room/documents/Post Election Tabulation Audit Pilot Program Report.pdf)","The assistant claimed missing the June 19 online mail-in deadline prevents any mail-in ballot, but Maryland/Montgomery County guidance shows separate deadlines (mailed/faxed by June 16, electronic by June 19, in-person by June 23), so the claim is not accurate."
6bb0486f-0ee0-4e5c-94fc-1bc02e4578c8,eligibility,2,60.0,date/location error,What if I lose my ID right before the election? Will that affect my ability to vote?,"Yes. If you lose your ID before the election, you can still vote:

- Provisional ballot: You can request a provisional ballot at the polling place. It will be counted later if you’re eligible and the judge approves it. You’ll need to provide ID later to have it count, or show one of the acceptable documents by the deadline. [Provisional Voting](https://elections.maryland.gov/voting/provisional_voting.html)

- Alternative proof of identity: If you can’t present ID at the poll, you can submit an acceptable document (e.g., a current Maryland driver’s license or ID, or a current utility bill, bank statement, government check, paycheck, etc. dated within the last 3 months) to your local board of elections. For your ballot to count, you must provide ID or the alternative document by 10 am on the 2nd Wednesday after Election Day. [Provisional Voting](https://elections.maryland.gov/voting/provisional_voting.html)

In short: you can vote, but your ballot counts only if you provide ID or an acceptable alternative by the stated deadline, or you vote provisional and have it verified by the deadline. [Provisional Voting](https://elections.maryland.gov/voting/provisional_voting.html)[Provisional Voting](https://elections.maryland.gov/voting/provisional_voting.html)","The response correctly describes provisional ballots and the deadline to provide ID or acceptable proof, but it wrongly states that a 'judge' approves provisional ballots; in Maryland, eligibility decisions are made by the local board of elections, not a judge."
6feef517-c10d-4a07-833e-9fcbf06fa22d,eligibility,0,60.0,nuance/specificity gap,"Hey, I was wondering, is there a minimum age requirement to vote in the primary election?","Yes. In Maryland, you must be 18 years old on or before Election Day to vote in the primary. For official details, see the Maryland State Board of Elections “Election Day Questions” page [Election Day Questions](https://elections.maryland.gov/voting/election_day_questions.html).","Partially accurate: Maryland allows 17-year-olds to vote in a party primary if they will be 18 by the general election and are affiliated with the Democratic or Republican Party, whereas the assistant claimed an 18th birthday by Election Day, omitting the 17-year-old allowance and the party-affiliation requirement."
6feef517-c10d-4a07-833e-9fcbf06fa22d,eligibility,1,0.0,date/location error,What if I'm 17 but turn 18 before the general election? Can I still vote in the primary?,"No. In Maryland, you must be 18 on or before the primary election date to vote in the primary. If you turn 18 after the primary (even if you’re 18 before the general election), you cannot vote in the primary. [Maryland Voting Pocket Guide Es](https://elections.maryland.gov/voting/documents/Maryland_Voting_Pocket_Guide-Es.pdf)","Maryland guidance indicates that a registered 17-year-old may vote in the primary if they will be 18 by the general election (with potential party-affiliation restrictions), which contradicts the assistant’s claim that one must be 18 by the primary date and cannot vote if they turn 18 after the primary."
6feef517-c10d-4a07-833e-9fcbf06fa22d,eligibility,2,60.0,nuance/specificity gap,"Are there any exceptions for younger voters, like if they have a special circumstance?","Short answer: No—there aren’t any documented exceptions for younger voters to vote in Maryland primaries.

- You must be 18 on or before the primary date to vote in the primary (no special-circumstance allowances noted). If you’re 17 or turning 18 after the primary, you wouldn’t be eligible for that primary.
- You may register to vote starting at 16, but you cannot vote until you are at least 18 by the next general election. [Introduction](https://elections.maryland.gov/voter_registration/index.html)","The assistant correctly states that 16-year-olds may pre-register and that 18 is required by the general election, but there is a Maryland primary exception: 17-year-olds may vote in the gubernatorial primary if they will be 18 by the general election (Nov 3, 2026), which contradicts the 'no exceptions' claim."
7c38943b-d630-4f67-a0f9-06bdf1fe0364,mail_in,3,60.0,date/location error,What happens if I miss the deadline to request my mail-in ballot?,"If you miss the mail-in ballot request deadline, you won’t be able to receive or vote by mail for that election. You can still vote in person (During Early Voting or on Election Day). If there are issues at the polling place, you may be offered a provisional ballot, which is counted after Election Day if you’re found eligible. [Mail-in Voting](https://mcg.montgomerycountymd.gov/elections/vote-by-mail.html)[Provisional Voting](https://elections.maryland.gov/voting/provisional_voting.html)

Key points:
- To vote by mail, you must have already requested a ballot. Deadlines apply (e.g., for the 2026 primary, mail-in ballots must be mailed or dropped off by 8 PM June 23, 2026; if mailed, they must be postmarked by Election Day). [Mail-in Voting](https://mcg.montgomerycountymd.gov/elections/vote-by-mail.html)
- In-person voting options exist, with provisional ballots available if needed. [Provisional Voting](https://elections.maryland.gov/voting/provisional_voting.html)

If you want, tell me your county and election date and I’ll share the exact local contacts. [Accessible Voting](https://elections.maryland.gov/voting/accessibility.html)","The assistant correctly cites the deadline (June 23, 2026) and in-person options and provisional voting, but it incorrectly claims that missing the mail-in request deadline prevents receiving or voting by mail, ignoring in-person mail-in ballot requests up to June 23 at 8 PM."
88af5643-38e5-4bee-a727-3b4985e531ef,eligibility,0,60.0,date/location error,"Hey, I'm curious about what ID requirements there are for voting in Maryland. Can you fill me in?","Here’s what the Maryland election materials say about ID:

- Voter registration (needed before you can vote): You must provide identifying information on the registration form, specifically a Maryland driver’s license number or MVA ID number, or if you don’t have those, the last four digits of your SSN. If you don’t have any of these, you must affirm that you don’t have them. You may also need proof of residence (documents with your name and address) to establish where you live. [Introduction](https://elections.maryland.gov/voter_registration/index.html)

- In-person voting: The materials provided do not describe a separate ID requirement to vote at the polling place. They focus on polling place hours and locations. [Maryland Voting Pocket Guide En](https://elections.maryland.gov/voting/documents/Maryland_Voting_Pocket_Guide-En.pdf)

- Vote-by-mail: You must provide enough information to verify your registration when requesting a mail-in ballot; the process is described, but the sources do not specify a separate ID requirement for mail-in ballots beyond verifying registration. [Mail-in Voting](https://mcg.montgomerycountymd.gov/elections/vote-by-mail.html)

If you want the most current, exact rules, check the Maryland State Board of Elections site (elections.maryland.gov) or the online voting portal (vote.md.gov) for the latest ID and registration requirements. [Introduction](https://elections.maryland.gov/voter_registration/index.html), [Maryland Voting Pocket Guide En](https://elections.maryland.gov/voting/documents/Maryland_Voting_Pocket_Guide-En.pdf)",The claim that there is no separate ID requirement for in-person voting is incorrect; Maryland's Election Day Questions indicate some first-time voters must show ID (photo ID or proof of name and address) before voting.
8bf796be-b806-48ef-8c01-12d2fe9e202f,mail_in,0,60.0,date/location error,"Hey, I'm trying to figure out how to request a mail-in ballot for the 2026 Gubernatorial Primary Election. Can you help me with that?","Yes. Here’s how to request a mail‑in ballot for the 2026 Gubernatorial Primary (Montgomery County options are shown; statewide options are also noted).

- Option A: Sign up for Future Vote (automatic mail‑in ballots for all future elections)
  - Where: 777vote.org → Future Vote → How to Sign‑up
  - Deadline: May 26, 2026
  - If you sign up, you’ll receive mail‑in ballots for qualifying future elections without submitting new requests (you can opt to vote in person later and may need a provisional ballot)  
  - Text FV to 77788 to sign up  
  - [MoCo Voter Guide for the 2026 Primary Election 02062026](https://mdsbe.app.box.com/s/ly67mqf875239kr4otek9phuueqzxw3r/file/2134445178632)(https://mdsbe.app.box.com/s/ly67mqf875239kr4otek9phuueqzxw3r/file/2134445178632), [Mail-in Voting](https://mcg.montgomerycountymd.gov/elections/vote-by-mail.html)(https://mcg.montgomerycountymd.gov/elections/vote-by-mail.html)

- Option B: Request a mail‑in ballot for the primary (one‑time or non‑Future Vote)
  - When to apply: No later than June 16, 2026 (standard mail‑in ballot); print‑your‑own emailed ballot by June 19, 2026
  - Where: 777vote.org (for Montgomery County) or contact your local Board of Elections
  - Return: By 8:00 PM on June 23, 2026 to any ballot drop box or postmarked by USPS by that date
  - If you later choose to vote in person, you must vote a provisional ballot
  - [MoCo Voter Guide for the 2026 Primary Election 02062026](https://mdsbe.app.box.com/s/ly67mqf875239kr4otek9phuueqzxw3r/file/2134445178632)(https://mdsbe.app.box.com/s/ly67mqf875239kr4otek9phuueqzxw3r/file/2134445178632), [Mail-in Voting](https://mcg.montgomerycountymd.gov/elections/vote-by-mail.html)(https://mcg.montgomerycountymd.gov/elections/vote-by-mail.html)

- Statewide note (if you’re not in Montgomery County): The deadline to request a web‑delivery mail‑in ballot is June 19; check the Maryland State Board of Elections mail‑in voting page for exact steps for your county  
  - [Ensuring Verification and Citizenship Integrity](https://elections.maryland.gov/press_room/documents/2026/Ensuring_Verification_and_Citizenship_Integrity.pdf)(https://elections.maryland.gov/press_room/documents/2026/Ensuring_Verification_and_Citizenship_Integrity.pdf)

If you’d like, tell me your county and I can tailor the steps and links exactly for you.","The response correctly cites the primary deadlines for mail‑in ballot requests and return in Montgomery County and statewide (June 16, 2026; June 19, 2026; June 23, 2026), but it adds an unofficial 'Future Vote' option with a May 26, 2026 deadline and a non‑official domain, which is not supported by elections.maryland.gov or montgomerycountymd.gov."
a6bfcd60-b415-4be0-96b7-a66be21316b2,eligibility,1,60.0,date/location error,Do I need to show proof of my name change when I update my registration?,You can update your voter registration information online here: https://voterservices.elections.maryland.gov/OnlineVoterUpdate/InstructionsStep1,"The assistant correctly cites that online updates are available for voter registration, which is supported by the Maryland page, but it omits whether proof of a name change is required and the provided URL's casing may not reflect the canonical path (/onlinevoterupdate/InstructionsStep1)."
a6bfcd60-b415-4be0-96b7-a66be21316b2,eligibility,3,60.0,date/location error,Can I still vote under my new name if I haven't updated my registration yet?,You can update your voter registration information online here: https://voterservices.elections.maryland.gov/OnlineVoterUpdate/InstructionsStep1,"Verified sources confirm that Maryland allows online updates to voter registration (including name changes) via official pages, but the exact URL given (voterservices.elections.maryland.gov/OnlineVoterUpdate/InstructionsStep1) is not clearly present or verifiable on the official site, making the link likely inaccurate."
a6f1d5d8-2aea-4c18-b48d-255d0273cb7e,eligibility,1,50.0,date/location error,"Do I need to register in my school district, or can I just register at my home address?","You don’t need to register in your school district. In Maryland, you can register using either your home address or your school address. If you’re on campus, include your dorm and room. The address you use determines your polling location and ballot. If you were registered in another state, cancel that registration when you register in Maryland. You can register online or by mail, and you can vote in person or by mail. If you want, I can walk you through the exact steps.",The assistant claims you can register using either your home address or your school address; Maryland law requires registration at your place of residence (which could be a dorm if that is your residence) and does not recognize 'school address' as a separate registration address; other aspects (online/mail registration and voting options) are correct.
a6f1d5d8-2aea-4c18-b48d-255d0273cb7e,eligibility,3,40.0,date/location error,Can I use my student ID as identification when I go to vote?,"The guides you provided don’t list student IDs as an accepted form of ID for voting in Maryland. For the exact ID requirements, check with your County Board of Elections or the Maryland State Board of Elections at elections.maryland.gov. If you want, I can help you look up the contact for your county office. [VRA Spanish](https://elections.maryland.gov/voter_registration/documents/VRA-Spanish.pdf), [Spanish Internet VRA](https://elections.maryland.gov/voter_registration/documents/Spanish_Internet_VRA.pdf)","The assistant claimed student IDs are not accepted forms of ID to vote in Maryland, but Maryland's Challenger and Watchers Manual lists 'current and valid photo ID' including student IDs as acceptable; thus the key claim is incorrect, though other guidance referencing official sources is accurate."
a80cf7f2-c307-48c9-a975-1739a2f23459,mail_in,0,60.0,date/location error,"Hey, I'm trying to figure out the deadlines for mail-in ballots for the 2026 Gubernatorial Primary Election. When do I need to request one, and when do I have to return it?","- Request deadline: June 19, 2026, for a web-delivery mail-in ballot. You can request via the Maryland State Board of Elections’ mail-in voting page. [Ensuring Verification and Citizenship Integrity](https://elections.maryland.gov/press_room/documents/2026/Ensuring_Verification_and_Citizenship_Integrity.pdf)

- Returning the ballot: Return it as soon as possible after you receive it. You can return by mail or drop it in any election drop box. Do not wait until Election Day. If you later vote in person, you will cast a provisional ballot. [Mail-in Voting](https://mcg.montgomerycountymd.gov/elections/vote-by-mail.html)

If you want the exact cutoff for receipt by your local election board, check with your county board of elections or the SBE’s official mail-in voting page. [Ensuring Verification and Citizenship Integrity](https://elections.maryland.gov/press_room/documents/2026/Ensuring_Verification_and_Citizenship_Integrity.pdf)","The answer correctly cites the online mail-in ballot request deadline (June 19, 2026) and the return deadline (June 23, 2026 by 8:00 PM, including drop boxes) and notes provisional ballots if voting in person, but it omits the earlier June 16, 2026 deadline for mailed/faxed requests and the in-person county board deadline, resulting in an incomplete representation of the official deadlines."
a80cf7f2-c307-48c9-a975-1739a2f23459,mail_in,1,60.0,date/location error,What happens if I miss the June 19 deadline to request my mail-in ballot?,"If you miss the June 19, 2026 deadline, you won’t be able to request a mail-in ballot for the June 2026 primary. Plan to vote in person (early voting or on Election Day). For any exceptions or county-specific guidance, contact your county board of elections or check the official mail-in voting page. [More Info and Next Steps Regarding Mail In Ballots](https://elections.maryland.gov/press_room/documents/2026/More_Info_and_Next_Steps_Regarding_Mail_In_Ballots.pdf)","The assistant claimed that missing the June 19, 2026 deadline prevents any mail-in ballot request, but Maryland and Montgomery County sources show an in-person mail-in ballot request deadline of June 23, 2026 (8:00 PM), so the claim is only partially accurate."
b3f5760d-333f-4599-89be-f3324146cda1,edge_cases,0,60.0,date/location error,"Hey, if something unexpected happens and I can’t get to my polling place, are there options for me to still vote?","Yes. You have a few options if you can’t get to your polling place:

- Vote by mail-in ballot
  - Request online and choose to receive it by mail or access via email. If you choose the emailed ballot, you can use an accessible online ballot marking tool, print your ballot, and return it by mail, at a ballot drop box, or in person. Do not return by email or fax. [Accessible Voting](https://elections.maryland.gov/voting/accessibility.html)
  - Note: there is no electronic ballot return. [Accessible Voting](https://elections.maryland.gov/voting/accessibility.html), [Election Security](https://elections.maryland.gov/about/election_security.html)

- Vote provisionally at the polling place
  - If you go to a polling place and there’s an issue, you can vote a provisional ballot. A provisional ballot is counted after review if you’re eligible. You can get help from a helper or two election officials, and the helper cannot influence how you vote. [Provisional Voting](https://elections.maryland.gov/voting/provisional_voting.html)

- Use accessible voting options at the polling place
  - You can use audio ballot, high-contrast/large-print options, and other assistive devices; election judges can help you. You can also bring someone to assist (as long as they’re not disallowed). [Accessible Voting](https://elections.maryland.gov/voting/accessibility.html), [Accessible Voting](https://elections.maryland.gov/voting/accessibility.html)

- Contact your local board of elections for accommodations
  - If you have accessibility questions or need assistance, contact your local board of elections. [Accessible Voting](https://elections.maryland.gov/voting/accessibility.html)

If you’re unsure which option fits you best, your local election office can help explain these choices. [Accessible Voting](https://elections.maryland.gov/voting/accessibility.html)","The response correctly describes mail-in voting, provisional voting, and accessibility options, and notes no electronic ballot return, but it wrongly states that ballots can be emailed to voters; Maryland requires mail-in ballots to be mailed/returned by mail, ballot drop box, or in person, not via email."
b3f5760d-333f-4599-89be-f3324146cda1,edge_cases,1,40.0,date/location error,What qualifies as an emergency for voting?,"Maryland doesn’t publish a formal “emergency” category for voting. The available guidance focuses on alternatives and provisional voting:

- If you can’t get to your polling place, you can vote by mail-in ballot (request online; return by mail, ballot drop box, or in person) and use accessible online tools if you choose. Provisional voting remains an option at the polling place if you encounter issues. [Election Security](https://elections.maryland.gov/about/election_security.html)

- Provisional voting is used when eligibility isn’t determined yet, or you need to provide/verify ID or residency, or there’s a challenge, or a court order extends polling hours. Provisional ballots count if you meet all eligibility requirements. [Provisional Voting](https://elections.maryland.gov/voting/provisional_voting.html) [Provisional Voting](https://elections.maryland.gov/voting/provisional_voting.html)

- For accommodations or other questions, contact your local board of elections. [Election Security](https://elections.maryland.gov/about/election_security.html) [Provisional Voting](https://elections.maryland.gov/voting/provisional_voting.html)

If you have a specific situation, tell me a bit more and I’ll point to the most relevant option.","The assistant claimed there is no formal emergency voting category; Montgomery County's 2016 General Election Media Guide explicitly describes an 'emergency vote by mail ballot' under special circumstances, showing the claim is incorrect."
b3f5760d-333f-4599-89be-f3324146cda1,edge_cases,2,45.0,date/location error,Are there any deadlines I need to be aware of for requesting an emergency absentee ballot?,"There isn’t a published Maryland option called an “emergency absentee ballot.” Deadlines you’ll want to watch relate to the standard mail-in ballot process and provisional voting:

- To vote by mail, you must have requested a ballot in advance; then you can return it by mail, in a ballot drop box, or in person (no electronic return) [Mail-in Voting](https://mcg.montgomerycountymd.gov/elections/vote-by-mail.html), [Accessible Voting](https://elections.maryland.gov/voting/accessibility.html).
- Ballots returned by mail must meet the applicable deadline (e.g., in Montgomery County, a mailed ballot must be postmarked by Election Day and/or received by the county by the stated cutoff) — check the specific election’s deadlines on your local/State website [Mail-in Voting](https://mcg.montgomerycountymd.gov/elections/vote-by-mail.html).
- If you go to a polling place and there’s an issue, you can vote a provisional ballot, which is counted after eligibility is verified [Accessible Voting](https://elections.maryland.gov/voting/accessibility.html).
- For accommodations or urgent questions, contact your local board of elections.

If you share your county and upcoming election, I can give the exact deadlines from the official pages. [Accessible Voting](https://elections.maryland.gov/voting/accessibility.html), [Mail-in Voting](https://mcg.montgomerycountymd.gov/elections/vote-by-mail.html), [Mail In Ballot Application English](https://elections.maryland.gov/voting/documents/Mail_In_Ballot_Application-English.pdf)","The assistant claimed there is no 'emergency absentee ballot' option; Montgomery County's 2016 General Election Media Guide explicitly documents an 'emergency vote by mail ballot' with deadlines (April 19–26 for the primary and November 1–8 for the general), so this claim is inaccurate, though other points about mail-in voting and provisional ballots align with official sources."
b49a5253-124c-4290-b315-5e0a46ba6637,procedural,1,20.0,other,Is there a hotline I can call if I need immediate help while voting?,"The provided materials don’t list a specific hotline number. For immediate help:

- Tell a poll worker right away; they can troubleshoot the ExpressVote or provide an alternative way to vote. 
- If the machine won’t work, ask for backup options (e.g., paper or provisional ballot) and follow staff guidance. 
- If you can’t vote at that location, contact your local Board of Elections or visit elections.maryland.gov to report the problem. 
- For voting rights concerns, you can file a complaint with the Maryland State Board of Elections.

Source: [ExpressVote Final Usability Report]","The assistant claimed there is no hotline, but official Montgomery County Elections lists a 24-hour Voter Information Hotline (240-777-VOTE) and the Maryland State Board of Elections lists a toll-free number (800-222-8683); therefore, the hotline claim is inaccurate."
bc5f3c8e-e965-4051-aa19-97307f83097f,procedural,3,65.0,date/location error,"Do I have to vote on the same ballot during early voting, or can I change it?","Generally, you vote once per method. If you change your mind and decide to vote in person during Early Voting after requesting a mail-in ballot, you must vote a provisional ballot (not the mail-in ballot) [Mail-in Voting](https://mcg.montgomerycountymd.gov/elections/vote-by-mail.html). Provisional ballots are reviewed and counted after the election, even if they don’t change the outcome [Provisional Voting](https://elections.maryland.gov/voting/provisional_voting.html).","The response correctly states provisional ballots are counted after Election Day, but it incorrectly says you must vote a provisional ballot when switching from mail-in to in-person, omitting that you can cancel the mail-in ballot to vote in person."
c80b6936-e1bd-49af-84a5-d141c0319e7a,results_integrity,3,40.0,date/location error,What measures are in place to prevent impersonation at the polls?,"The materials you provided don’t detail specific anti-impersonation measures at the polls.

What is covered:
- Voting takes place at your assigned polling place on Election Day (Source 2). 
- You can register to vote online or by mail (Source 4). For questions or details about poll security and ID requirements, contact your county Board of Elections or the State Board (Source 1).

If you want exact safeguards used at Maryland polling places, please check the Maryland State Board of Elections website or your local board of elections. [2026 Gubernatorial Election](https://elections.maryland.gov/elections/2026/index.html)[VRA Spanish](https://elections.maryland.gov/voter_registration/documents/VRA-Spanish.pdf)[Spanish Internet VRA](https://elections.maryland.gov/voter_registration/documents/Spanish_Internet_VRA.pdf)","The assistant incorrectly claimed there are no anti-impersonation measures; Maryland's official sources document identity verification steps, ID requirements, provisional voting, and challenger/watchers processes that address impersonation concerns."
c947f490-9661-4ed9-844b-9a18179128b7,edge_cases,1,60.0,date/location error,How long does it take to update my voter registration with a new name?,You can update your voter registration information online here: https://voterservices.elections.maryland.gov/OnlineVoterUpdate/InstructionsStep1,"The assistant's core claim (online voter registration updates are possible) is supported by Maryland's OLVR resources, but the specific URL provided (OnlineVoterUpdate/InstructionsStep1) cannot be verified as a valid Maryland page, making the answer partially accurate."
c947f490-9661-4ed9-844b-9a18179128b7,edge_cases,2,60.0,date/location error,Can I still vote under my old name until it gets updated?,You can update your voter registration information online here: https://voterservices.elections.maryland.gov/OnlineVoterUpdate/InstructionsStep1,"The assistant correctly asserts that online voter registration update exists, but the provided URL is not the exact current endpoint (the update page is https://voterservices.elections.maryland.gov/OnlineVoterUpdate, not /OnlineVoterUpdate/InstructionsStep1)."
c947f490-9661-4ed9-844b-9a18179128b7,edge_cases,3,60.0,date/location error,What documents do I need to bring to update my name?,You can update your voter registration information online here: https://voterservices.elections.maryland.gov/OnlineVoterUpdate/InstructionsStep1,"Verified sources confirm that Maryland allows online voter registration updates including name changes and specify acceptable documents (e.g., MVA-issued ID/license, change-of-address card, utility bill), but the assistant’s reply did not address which documents are required or acceptable—only provided an online update link."
d511cc09-2151-4588-a565-ff1ee1e5b12d,mail_in,2,25.0,date/location error,"Is the process different for residents living abroad, or is it basically the same?","Essentially the same. Maryland’s mail-in ballot process uses one approved request with three delivery options: mail, web delivery, or fax. If you choose a option that includes mail, the ballot is sent by U.S. Mail; if you choose only web or fax, the local board will contact you with the ballot. Ballots must be returned by 8 p.m. on Election Day (by mail with a postmark by then, or in person at a drop box/local board). Deadlines to request can vary by election, so check the current year’s SBE deadlines. [2023 01 MIB Processing for 2024 Election](https://elections.maryland.gov/laws_and_regs/documents/2023-01 MIB Processing for 2024 Election.pdf)(https://elections.maryland.gov/laws_and_regs/documents/2023-01%20MIB%20Processing%20for%202020%20Election.pdf) [USPS Policy Change Press Release](https://elections.maryland.gov/press_room/documents/2026/USPS_Policy_Change_Press_Release.pdf)(https://elections.maryland.gov/press_room/documents/2026/USPS_Policy_Change_Press_Release.pdf)","The assistant claimed the process is 'essentially the same' and listed 'three delivery options: mail, web delivery, or fax' for ballots, which is inaccurate because Maryland's official guidance for overseas voters (UOCAVA) uses FPCA/online or paper applications and mail-in ballots with separate deadlines."
e4f2c309-5b75-4444-aa29-25416c235ba7,procedural,1,60.0,date/location error,What if I don't have any of those forms of ID? Can I still vote?,"Yes. You can still vote, but you’ll cast a provisional ballot. To count it, you must provide acceptable ID (or proof of your name and address) to your local board of elections before 10 am on the 2nd Wednesday after election day. If you don’t provide ID by then, your provisional ballot may not count.

Acceptable forms of ID include:
- A current Maryland driver’s license or MVA ID card, or auc/college/military ID, or U.S. passport; or
- A current utility bill, bank/statement, government check, paycheck, or other government document with your name and current address (the same address you wrote on your provisional ballot application). The document must be dated within 3 months of the election. [Source: Provisional Voting] [Source: Provisional Voting]

If you didn’t provide ID when asked (e.g., you’re voting for the first time in Maryland), you still can vote provisionally, but you must show ID or the required information to your local board before the deadline for your ballot to count. If you didn’t prove where you live, you must provide proof by the same deadline. [Source: Provisional Voting]","The answer correctly states provisional voting exists and cites the correct deadline (10 am on the 2nd Wednesday after election day) and the general need for ID, but it incorrectly lists acceptable ID as 'auc/college/military ID' instead of the Maryland-provided 'student/employee/military ID' per the Provisional Voting page."
eb9e138c-871f-4d68-b6c6-a8cedbe400f5,procedural,1,60.0,date/location error,"Do I need to update my registration before the election, or can I do it closer to the date?",You can update your voter registration information online here: https://voterservices.elections.maryland.gov/OnlineVoterUpdate/InstructionsStep1,"Online updates via Maryland's OLVR system are correct, but the exact URL cited is not verifiably present on official sites, whereas official sources show the 2026 primary deadline to update registration is June 2, 2026 (by 11:59 pm online)."
eb9e138c-871f-4d68-b6c6-a8cedbe400f5,procedural,2,65.0,date/location error,What documents do I need to provide to update my registration?,You can update your voter registration information online here: https://voterservices.elections.maryland.gov/OnlineVoterUpdate/InstructionsStep1,"The assistant correctly cited the Maryland Online Voter Update page as the online update path, but it did not mention the specific documents accepted as proof of address for updates, which the Maryland site lists (e.g., MVA license/ID/change-of-address card, or a paycheck/bank statement/utility bill)."
eb9e138c-871f-4d68-b6c6-a8cedbe400f5,procedural,3,60.0,date/location error,"If I miss the deadline to update my registration, can I still vote?",You can update your voter registration information online here: https://voterservices.elections.maryland.gov/OnlineVoterUpdate/InstructionsStep1,"The assistant correctly notes that online voter information updates are possible and Maryland sets a 21-day advanced registration/update deadline with provisional voting options if missed, but the specific URL provided is not clearly validated as an official update path and the answer omits the explicit guidance on voting after missing the deadline."
ec5df096-d9a9-44ab-93b3-242f247e0cb8,mail_in,0,60.0,date/location error,"Hey, can I check the status of my mail-in ballot? Is there a way to track where it is?","Yes, but the sources don’t list a single online “track my ballot” tool. To check the status of your mail-in ballot, contact your local Board of Elections or the Maryland State Board of Elections.

- For questions about voting by mail, you can call 410-269-2840 or email absentee.SBE@maryland.gov. [Delegate Korman Question and Answer 2_](https://mdsbe.app.box.com/s/ly67mqf875239kr4otek9phuueqzxw3r/file/2302869799000)
- Local county boards handle ballot issuance/receipt/status; you can reach them or use the county elections page for updates. [Mail-in Voting](https://mcg.montgomerycountymd.gov/elections/vote-by-mail.html)
- Ballots can be returned by mail, to a ballot drop box, or in person at a voting location by 8 pm on Election Day. [The Life of a Ballot MD](https://elections.maryland.gov/voting/documents/The_Life_of_a_Ballot_MD.pdf)

If you want, tell me your county and I can point you to the exact board’s contact page.","The assertion that there is no online 'track my ballot' tool is incorrect; Maryland's 'Mail-in Voting' page directs users to the voter look-up tool to verify the status of a mail-in ballot, while other details (contacts, deadlines, and return options) are correct."
ec5df096-d9a9-44ab-93b3-242f247e0cb8,mail_in,2,60.0,date/location error,What should I do if my ballot hasn't arrived yet? Is there a way to request a new one?,"If your mail-in ballot hasn’t arrived, here’s what to do:

- Check status and request a replacement if needed by contacting:
  - Maryland State Board of Elections: 410-269-2840 or absentee.SBE@maryland.gov [Accessible Voting](https://elections.maryland.gov/voting/accessibility.html)
  - Your local Board of Elections or your county elections page for updates and options [Accessible Voting](https://elections.maryland.gov/voting/accessibility.html)
- You can request a replacement ballot. See the Mail-In Ballot Replacement page for details and steps [Provisional Voting](https://elections.maryland.gov/voting/provisional_voting.html).
- If time is tight, you can opt to receive an emailed ballot and use the online ballot marking tool to fill it out (then print and return by mail, ballot drop box, or in person). Note: there is no electronic ballot return in Maryland. [Accessible Voting](https://elections.maryland.gov/voting/accessibility.html)
- Remember to return by 8 pm on Election Day if you’re using a mail-in ballot [Accessible Voting](https://elections.maryland.gov/voting/accessibility.html).

If you share your county, I can send your exact contact page.","The answer correctly notes replacement ballots, contact options, and the emailed link option, and that there is no electronic ballot return, but it incorrectly claims mail-in ballots must be returned by 8 pm on Election Day; Maryland requires mail-in ballots to be postmarked by Election Day (with in-person or drop-box returns due by 8 pm)."
ec63e22f-2d94-4ea8-a91b-f255c0b0a785,eligibility,3,40.0,date/location error,What if I miss the deadline to update my voter registration?,You can update your voter registration information online here: https://voterservices.elections.maryland.gov/OnlineVoterUpdate/InstructionsStep1,"The assistant cites a non-existent Maryland election URL (OnlineVoterUpdate/InstructionsStep1) for updating voter info and omits the official OLVR pathway; it also fails to address options after missing the deadline (e.g., same-day registration during Early Voting/Election Day in Montgomery County)."
f38043f0-1368-4d98-aed5-0cb6f64f7268,edge_cases,2,60.0,date/location error,How can I resolve this issue before election day if I find out I'm not registered?,You can update your voter registration information online here: https://voterservices.elections.maryland.gov/OnlineVoterUpdate/InstructionsStep1,"The state/county pages confirm an online Voter Registration Update option exists, but the exact URL 'OnlineVoterUpdate/InstructionsStep1' cannot be verified from the cited domains, and the answer omits documented same-day registration options during early voting or Election Day."
fb0f36e2-fc5e-4bd6-858c-6c93501bd139,results_integrity,1,60.0,date/location error,"Who is responsible for cybersecurity during elections, and what kind of training do election officials receive on this?","- Who is responsible: The Maryland State Board of Elections (SBE) and the State Administrator’s Office oversee election cybersecurity, with Local Election Directors implementing at the local level. SBE coordinates with federal partners (e.g., DHS) and monitors security of systems and data, including hosting arrangements and vendor arrangements. [Election Security](https://elections.maryland.gov/about/election_security.html)

- Training for election officials: The provided sources do not specify a dedicated cybersecurity training program for election officials. There is mention of general training for election staff and judges (e.g., election judge training programs), but no cyber-specific curriculum is detailed in these sources. [State Administrator's Report- May 28, 2026](https://mdsbe.app.box.com/s/ly67mqf875239kr4otek9phuueqzxw3r/file/2246330483012), [State Administrator's Report- May 28, 2026](https://mdsbe.app.box.com/s/ly67mqf875239kr4otek9phuueqzxw3r/file/2246330483012)","The response accurately reflects Maryland's use of SBE oversight and federal information sharing (e.g., CISA) and vendor security practices, but it falsely claims there is no cyber-specific training; the Maryland SBE's 2003 Security Action Plan explicitly established an Information System Security Training Program for election officials and contractor personnel, indicating cyber-related training existed (even if historically)."
fb0f36e2-fc5e-4bd6-858c-6c93501bd139,results_integrity,2,60.0,other,Have there been any past incidents related to cybersecurity during elections in Maryland?,"Based on the provided sources, there is no documented Maryland election cybersecurity incident. The materials describe safeguards and oversight but do not report any past incidents. [State Administrator_s Report- April 23, 2026_](https://mdsbe.app.box.com/s/ly67mqf875239kr4otek9phuueqzxw3r/file/2201796234648), [Maryland Voting Pocket Guide En](https://elections.maryland.gov/voting/documents/Maryland_Voting_Pocket_Guide-En.pdf), [Signed Board Bylaws](https://elections.maryland.gov/about/Signed Board Bylaws.pdf). If you’d like, I can look for more detailed incident history.","The assistant claimed there were no documented Maryland election cybersecurity incidents, but Maryland's Election Security page notes DHS alerted to suspicious online activity before an election (with no breach reported), indicating cyber-related incidents occurred even if no breach happened."
fe617d48-5100-4c6c-b752-ac08bd0abdcc,results_integrity,0,60.0,nuance/specificity gap,"Hey, I’m curious about what types of audits are done after elections. Can you tell me about that?","From the materials you shared, there isn’t a specific list of post-election audits for Maryland. The May 28, 2026 State Administrator’s Report focuses on governance updates (Challengers/Watchers) and accessibility, not audit types; the February 19, 2026 report covers candidacy/MD CRIS, etc. so they don’t enumerate post‑election audits [State Administrator's Report- May 28, 2026](https://mdsbe.app.box.com/s/ly67mqf875239kr4otek9phuueqzxw3r/file/2246330483012), [State Administrator's Report- February 19, 2026](https://mdsbe.app.box.com/s/ly67mqf875239kr4otek9phuueqzxw3r/file/2137782796757), [Gambling on Elections](https://elections.maryland.gov/press_room/documents/2026/Gambling_on_Elections.docx), [Delegate Long Question and Answer](https://mdsbe.app.box.com/s/ly67mqf875239kr4otek9phuueqzxw3r/file/2302864009921).

If you want Maryland-specific audit types, I can pull official guidance from the Maryland State Board of Elections website. Would you like me to look that up? 

For general context (not Maryland-specific), post-election integrity measures in many jurisdictions include things like ballot reconciliation, risk-limiting audits or other statistical tabulation audits, and recounts when required or requested.","MD SBE publishes explicit post-election audits (risk-limiting audits after each primary/general election and automated post-election ballot tabulation audits with Phase 1/2 reports), so the claim that there is no Maryland post-election audit list is inaccurate."
fe617d48-5100-4c6c-b752-ac08bd0abdcc,results_integrity,2,40.0,date/location error,"Thanks for the detailed info! So, if these audits were part of a pilot program and not a regular practice, are there plans to make them a standard part of the election process in Maryland?","Short answer: Not yet. The Maryland post-election audits described in the 2016 Post-Election Tabulation Audit Pilot Program Report were conducted as a pilot, not as a standing, regular requirement [Post Election Tabulation Audit Pilot Program Report](https://elections.maryland.gov/press_room/documents/Post Election Tabulation Audit Pilot Program Report.pdf)[Post Election Tabulation Audit Pilot Program Report](https://elections.maryland.gov/press_room/documents/Post Election Tabulation Audit Pilot Program Report.pdf).

What the report says about making them standard:
- It treats the work as a pilot and discusses expanding or adopting audits in the future, but does not commit to an immediate, statewide standard practice [Post Election Tabulation Audit Pilot Program Report](https://elections.maryland.gov/press_room/documents/Post Election Tabulation Audit Pilot Program Report.pdf).
- The Conclusion and Recommendation section outlines potential next steps (e.g., broader use of risk-limiting or independent automated audits and the funding/legislative changes that would be needed) rather than a guaranteed mandate or schedule [Post Election Tabulation Audit Pilot Program Report](https://elections.maryland.gov/press_room/documents/Post Election Tabulation Audit Pilot Program Report.pdf).

Any move to regular practice would depend on policy decisions and funding from Maryland officials and the General Assembly. If you’d like, I can pull and quote the exact recommendation language from the report.",The assistant's 'Not yet' claim is incorrect because the 2016 Post-Election Tabulation Audit Pilot Program Report recommends statewide implementation of an independent automated post-election audit after the 2016 General Election (with flexibility for alternative solutions).
